feature,var
drug_activity,0.4135012481416126
expression,0.37947053186739965
morphology_view,0.24124383860496412
mutation,0.25663182174208565
size_view,0.3935043537864513
